"","race","income","freq"
"1",1,1,4
"2",1,2,4
"3",1,3,2
"4",1,5,1
"5",1,6,2
"6",1,7,1
"7",1,8,2
"8",1,9,12
"9",1,10,8
"10",1,11,12
"11",1,12,153
"12",2,8,1
"13",2,11,1
"14",2,12,39
"15",3,3,1
"16",3,8,3
"17",3,12,23
